id,name,order_id,vendor_seat_id,vendor_seat_type,vendor_seat_name,vendor_additional_data,vendor_seat_price,vendor_discount_price,vendor_sub_fee,vendor_charge_amount,vendor_reconciliation_price,vendor_fee,vnpay_seat_type,vnpay_seat_price,vnpay_final_price,vnpay_profit,vnpay_fee,campaign_id,sub_campaign_id,campaign_code,campaign_type,campaign_vendor_discount,campaign_vnpay_discount,promotion_vendor_amount,promotion_vnpay_amount,created_date,modified_date,modified_by,created_by,created_by_hash
1,E13,1,SEAT000001,COUPLE,E13,{},200000,0,0,200000,200000,4000,couple,200000,200000,10000,2000,,,,normal,0,0,0,0,2025-11-12 17:33:29.000000,2025-12-11 17:33:29.000000,system,system,bbc5e661e106c6dcd8dc6dd186454c2f
2,F10,1,SEAT000002,COUPLE,F10,{},200000,0,0,200000,200000,4000,couple,200000,200000,10000,2000,,,,normal,0,0,0,0,2025-11-22 17:33:29.000000,2025-12-09 17:33:29.000000,system,system,bbc5e661e106c6dcd8dc6dd186454c2f
3,E5,2,SEAT000003,VIP,E5,{},120000,0,0,120000,120000,2400,vip,120000,120000,6000,1200,,,,normal,0,0,0,0,2025-11-13 17:33:29.000000,2025-12-06 17:33:29.000000,system,system,bbc5e661e106c6dcd8dc6dd186454c2f
4,F9,2,SEAT000004,COUPLE,F9,{},200000,0,0,200000,200000,4000,couple,200000,200000,10000,2000,,,,normal,0,0,0,0,2025-12-12 17:33:29.000000,2025-12-06 17:33:29.000000,system,system,bbc5e661e106c6dcd8dc6dd186454c2f
5,B11,2,SEAT000005,VIP,B11,{},120000,0,0,120000,120000,2400,vip,120000,120000,6000,1200,,,,normal,0,0,0,0,2025-11-21 17:33:29.000000,2025-12-10 17:33:29.000000,system,system,bbc5e661e106c6dcd8dc6dd186454c2f
6,I6,3,SEAT000006,COUPLE,I6,{},200000,0,0,200000,200000,4000,couple,200000,200000,10000,2000,,,,normal,0,0,0,0,2025-12-04 17:33:29.000000,2025-12-10 17:33:29.000000,system,system,bbc5e661e106c6dcd8dc6dd186454c2f
7,C9,3,SEAT000007,VIP,C9,{},120000,0,0,120000,120000,2400,vip,120000,120000,6000,1200,,,,normal,0,0,0,0,2025-11-26 17:33:29.000000,2025-12-07 17:33:29.000000,system,system,bbc5e661e106c6dcd8dc6dd186454c2f
8,H6,3,SEAT000008,NORMAL,H6,{},85000,0,0,85000,85000,1700,normal,85000,85000,4250,850,,,,normal,0,0,0,0,2025-11-20 17:33:29.000000,2025-12-11 17:33:29.000000,system,system,bbc5e661e106c6dcd8dc6dd186454c2f
9,G10,3,SEAT000009,VIP,G10,{},120000,0,0,120000,120000,2400,vip,120000,120000,6000,1200,,,,normal,0,0,0,0,2025-11-17 17:33:29.000000,2025-12-10 17:33:29.000000,system,system,bbc5e661e106c6dcd8dc6dd186454c2f
10,E2,4,SEAT000010,COUPLE,E2,{},200000,0,0,200000,200000,4000,couple,200000,200000,10000,2000,,,,normal,0,0,0,0,2025-11-18 17:33:29.000000,2025-12-05 17:33:29.000000,system,system,bbc5e661e106c6dcd8dc6dd186454c2f
11,E5,4,SEAT000011,VIP,E5,{},120000,0,0,120000,120000,2400,vip,120000,120000,6000,1200,,,,normal,0,0,0,0,2025-11-25 17:33:29.000000,2025-12-08 17:33:29.000000,system,system,bbc5e661e106c6dcd8dc6dd186454c2f
12,D10,4,SEAT000012,COUPLE,D10,{},200000,0,0,200000,200000,4000,couple,200000,200000,10000,2000,,,,normal,0,0,0,0,2025-11-22 17:33:29.000000,2025-12-07 17:33:29.000000,system,system,bbc5e661e106c6dcd8dc6dd186454c2f
13,G6,4,SEAT000013,NORMAL,G6,{},85000,0,0,85000,85000,1700,normal,85000,85000,4250,850,,,,normal,0,0,0,0,2025-11-18 17:33:29.000000,2025-12-07 17:33:29.000000,system,system,bbc5e661e106c6dcd8dc6dd186454c2f
14,B12,5,SEAT000014,COUPLE,B12,{},200000,0,0,200000,200000,4000,couple,200000,200000,10000,2000,,,,normal,0,0,0,0,2025-11-21 17:33:29.000000,2025-12-12 17:33:29.000000,system,system,bbc5e661e106c6dcd8dc6dd186454c2f
15,G4,6,SEAT000015,COUPLE,G4,{},200000,0,0,200000,200000,4000,couple,200000,200000,10000,2000,,,,normal,0,0,0,0,2025-12-10 17:33:29.000000,2025-12-07 17:33:29.000000,system,system,bbc5e661e106c6dcd8dc6dd186454c2f
16,A14,7,SEAT000016,COUPLE,A14,{},200000,0,0,200000,200000,4000,couple,200000,200000,10000,2000,,,,normal,0,0,0,0,2025-12-02 17:33:29.000000,2025-12-09 17:33:29.000000,system,system,bbc5e661e106c6dcd8dc6dd186454c2f
17,D7,8,SEAT000017,VIP,D7,{},120000,0,0,120000,120000,2400,vip,120000,120000,6000,1200,,,,normal,0,0,0,0,2025-11-21 17:33:29.000000,2025-12-08 17:33:29.000000,system,system,bbc5e661e106c6dcd8dc6dd186454c2f
18,B8,8,SEAT000018,VIP,B8,{},120000,0,0,120000,120000,2400,vip,120000,120000,6000,1200,,,,normal,0,0,0,0,2025-12-02 17:33:29.000000,2025-12-08 17:33:29.000000,system,system,bbc5e661e106c6dcd8dc6dd186454c2f
19,D6,9,SEAT000019,NORMAL,D6,{},85000,0,0,85000,85000,1700,normal,85000,85000,4250,850,,,,normal,0,0,0,0,2025-11-25 17:33:29.000000,2025-12-05 17:33:29.000000,system,system,bbc5e661e106c6dcd8dc6dd186454c2f
20,I3,9,SEAT000020,VIP,I3,{},120000,0,0,120000,120000,2400,vip,120000,120000,6000,1200,,,,normal,0,0,0,0,2025-11-21 17:33:29.000000,2025-12-12 17:33:29.000000,system,system,bbc5e661e106c6dcd8dc6dd186454c2f
21,H9,10,SEAT000021,COUPLE,H9,{},200000,0,0,200000,200000,4000,couple,200000,200000,10000,2000,,,,normal,0,0,0,0,2025-11-23 17:33:29.000000,2025-12-12 17:33:29.000000,system,system,bbc5e661e106c6dcd8dc6dd186454c2f
22,C3,10,SEAT000022,NORMAL,C3,{},85000,0,0,85000,85000,1700,normal,85000,85000,4250,850,,,,normal,0,0,0,0,2025-12-05 17:33:29.000000,2025-12-06 17:33:29.000000,system,system,bbc5e661e106c6dcd8dc6dd186454c2f
23,J7,11,SEAT000023,VIP,J7,{},120000,0,0,120000,120000,2400,vip,120000,120000,6000,1200,,,,normal,0,0,0,0,2025-12-07 17:33:29.000000,2025-12-07 17:33:29.000000,system,system,bbc5e661e106c6dcd8dc6dd186454c2f
24,I14,11,SEAT000024,NORMAL,I14,{},85000,0,0,85000,85000,1700,normal,85000,85000,4250,850,,,,normal,0,0,0,0,2025-12-09 17:33:29.000000,2025-12-09 17:33:29.000000,system,system,bbc5e661e106c6dcd8dc6dd186454c2f
25,E14,11,SEAT000025,COUPLE,E14,{},200000,0,0,200000,200000,4000,couple,200000,200000,10000,2000,,,,normal,0,0,0,0,2025-11-23 17:33:29.000000,2025-12-12 17:33:29.000000,system,system,bbc5e661e106c6dcd8dc6dd186454c2f
26,H4,12,SEAT000026,NORMAL,H4,{},85000,0,0,85000,85000,1700,normal,85000,85000,4250,850,,,,normal,0,0,0,0,2025-11-25 17:33:29.000000,2025-12-07 17:33:29.000000,system,system,bbc5e661e106c6dcd8dc6dd186454c2f
27,C13,13,SEAT000027,VIP,C13,{},120000,0,0,120000,120000,2400,vip,120000,120000,6000,1200,,,,normal,0,0,0,0,2025-11-17 17:33:29.000000,2025-12-10 17:33:29.000000,system,system,bbc5e661e106c6dcd8dc6dd186454c2f
28,C11,13,SEAT000028,VIP,C11,{},120000,0,0,120000,120000,2400,vip,120000,120000,6000,1200,,,,normal,0,0,0,0,2025-12-06 17:33:29.000000,2025-12-05 17:33:29.000000,system,system,bbc5e661e106c6dcd8dc6dd186454c2f
29,I9,14,SEAT000029,NORMAL,I9,{},85000,0,0,85000,85000,1700,normal,85000,85000,4250,850,,,,normal,0,0,0,0,2025-12-03 17:33:29.000000,2025-12-11 17:33:29.000000,system,system,bbc5e661e106c6dcd8dc6dd186454c2f
30,F2,14,SEAT000030,VIP,F2,{},120000,0,0,120000,120000,2400,vip,120000,120000,6000,1200,,,,normal,0,0,0,0,2025-12-07 17:33:29.000000,2025-12-07 17:33:29.000000,system,system,bbc5e661e106c6dcd8dc6dd186454c2f
31,H7,14,SEAT000031,COUPLE,H7,{},200000,0,0,200000,200000,4000,couple,200000,200000,10000,2000,,,,normal,0,0,0,0,2025-11-16 17:33:29.000000,2025-12-12 17:33:29.000000,system,system,bbc5e661e106c6dcd8dc6dd186454c2f
32,B5,15,SEAT000032,NORMAL,B5,{},85000,0,0,85000,85000,1700,normal,85000,85000,4250,850,,,,normal,0,0,0,0,2025-11-14 17:33:29.000000,2025-12-12 17:33:29.000000,system,system,bbc5e661e106c6dcd8dc6dd186454c2f
33,J10,15,SEAT000033,VIP,J10,{},120000,0,0,120000,120000,2400,vip,120000,120000,6000,1200,,,,normal,0,0,0,0,2025-12-03 17:33:29.000000,2025-12-07 17:33:29.000000,system,system,bbc5e661e106c6dcd8dc6dd186454c2f
34,D1,16,SEAT000034,VIP,D1,{},120000,0,0,120000,120000,2400,vip,120000,120000,6000,1200,,,,normal,0,0,0,0,2025-12-08 17:33:29.000000,2025-12-10 17:33:29.000000,system,system,bbc5e661e106c6dcd8dc6dd186454c2f
35,D14,16,SEAT000035,COUPLE,D14,{},200000,0,0,200000,200000,4000,couple,200000,200000,10000,2000,,,,normal,0,0,0,0,2025-12-03 17:33:29.000000,2025-12-07 17:33:29.000000,system,system,bbc5e661e106c6dcd8dc6dd186454c2f
36,H11,17,SEAT000036,NORMAL,H11,{},85000,0,0,85000,85000,1700,normal,85000,85000,4250,850,,,,normal,0,0,0,0,2025-11-25 17:33:29.000000,2025-12-12 17:33:29.000000,system,system,bbc5e661e106c6dcd8dc6dd186454c2f
37,B12,18,SEAT000037,NORMAL,B12,{},85000,0,0,85000,85000,1700,normal,85000,85000,4250,850,,,,normal,0,0,0,0,2025-12-08 17:33:29.000000,2025-12-11 17:33:29.000000,system,system,bbc5e661e106c6dcd8dc6dd186454c2f
38,A1,18,SEAT000038,NORMAL,A1,{},85000,0,0,85000,85000,1700,normal,85000,85000,4250,850,,,,normal,0,0,0,0,2025-12-04 17:33:29.000000,2025-12-10 17:33:29.000000,system,system,bbc5e661e106c6dcd8dc6dd186454c2f
39,J8,19,SEAT000039,COUPLE,J8,{},200000,0,0,200000,200000,4000,couple,200000,200000,10000,2000,,,,normal,0,0,0,0,2025-11-28 17:33:29.000000,2025-12-06 17:33:29.000000,system,system,bbc5e661e106c6dcd8dc6dd186454c2f
40,E15,19,SEAT000040,VIP,E15,{},120000,0,0,120000,120000,2400,vip,120000,120000,6000,1200,,,,normal,0,0,0,0,2025-11-26 17:33:29.000000,2025-12-11 17:33:29.000000,system,system,bbc5e661e106c6dcd8dc6dd186454c2f
41,J14,20,SEAT000041,NORMAL,J14,{},85000,0,0,85000,85000,1700,normal,85000,85000,4250,850,,,,normal,0,0,0,0,2025-12-06 17:33:29.000000,2025-12-09 17:33:29.000000,system,system,bbc5e661e106c6dcd8dc6dd186454c2f
42,D1,20,SEAT000042,VIP,D1,{},120000,0,0,120000,120000,2400,vip,120000,120000,6000,1200,,,,normal,0,0,0,0,2025-11-22 17:33:29.000000,2025-12-08 17:33:29.000000,system,system,bbc5e661e106c6dcd8dc6dd186454c2f
43,B2,21,SEAT000043,COUPLE,B2,{},200000,0,0,200000,200000,4000,couple,200000,200000,10000,2000,,,,normal,0,0,0,0,2025-11-30 17:33:29.000000,2025-12-10 17:33:29.000000,system,system,bbc5e661e106c6dcd8dc6dd186454c2f
44,D15,21,SEAT000044,VIP,D15,{},120000,0,0,120000,120000,2400,vip,120000,120000,6000,1200,,,,normal,0,0,0,0,2025-11-12 17:33:29.000000,2025-12-05 17:33:29.000000,system,system,bbc5e661e106c6dcd8dc6dd186454c2f
45,G14,22,SEAT000045,COUPLE,G14,{},200000,0,0,200000,200000,4000,couple,200000,200000,10000,2000,,,,normal,0,0,0,0,2025-12-03 17:33:29.000000,2025-12-08 17:33:29.000000,system,system,bbc5e661e106c6dcd8dc6dd186454c2f
46,F15,22,SEAT000046,VIP,F15,{},120000,0,0,120000,120000,2400,vip,120000,120000,6000,1200,,,,normal,0,0,0,0,2025-12-09 17:33:29.000000,2025-12-09 17:33:29.000000,system,system,bbc5e661e106c6dcd8dc6dd186454c2f
47,E15,22,SEAT000047,COUPLE,E15,{},200000,0,0,200000,200000,4000,couple,200000,200000,10000,2000,,,,normal,0,0,0,0,2025-12-12 17:33:29.000000,2025-12-11 17:33:29.000000,system,system,bbc5e661e106c6dcd8dc6dd186454c2f
48,F1,23,SEAT000048,COUPLE,F1,{},200000,0,0,200000,200000,4000,couple,200000,200000,10000,2000,,,,normal,0,0,0,0,2025-11-17 17:33:29.000000,2025-12-10 17:33:29.000000,system,system,bbc5e661e106c6dcd8dc6dd186454c2f
49,J13,23,SEAT000049,NORMAL,J13,{},85000,0,0,85000,85000,1700,normal,85000,85000,4250,850,,,,normal,0,0,0,0,2025-11-20 17:33:29.000000,2025-12-05 17:33:29.000000,system,system,bbc5e661e106c6dcd8dc6dd186454c2f
50,G6,23,SEAT000050,VIP,G6,{},120000,0,0,120000,120000,2400,vip,120000,120000,6000,1200,,,,normal,0,0,0,0,2025-11-14 17:33:29.000000,2025-12-06 17:33:29.000000,system,system,bbc5e661e106c6dcd8dc6dd186454c2f
51,E8,23,SEAT000051,COUPLE,E8,{},200000,0,0,200000,200000,4000,couple,200000,200000,10000,2000,,,,normal,0,0,0,0,2025-11-18 17:33:29.000000,2025-12-11 17:33:29.000000,system,system,bbc5e661e106c6dcd8dc6dd186454c2f
52,D13,24,SEAT000052,VIP,D13,{},120000,0,0,120000,120000,2400,vip,120000,120000,6000,1200,,,,normal,0,0,0,0,2025-12-12 17:33:29.000000,2025-12-11 17:33:29.000000,system,system,bbc5e661e106c6dcd8dc6dd186454c2f
53,H5,25,SEAT000053,NORMAL,H5,{},85000,0,0,85000,85000,1700,normal,85000,85000,4250,850,,,,normal,0,0,0,0,2025-11-22 17:33:29.000000,2025-12-07 17:33:29.000000,system,system,bbc5e661e106c6dcd8dc6dd186454c2f
54,H14,25,SEAT000054,COUPLE,H14,{},200000,0,0,200000,200000,4000,couple,200000,200000,10000,2000,,,,normal,0,0,0,0,2025-11-24 17:33:29.000000,2025-12-09 17:33:29.000000,system,system,bbc5e661e106c6dcd8dc6dd186454c2f
55,C2,25,SEAT000055,COUPLE,C2,{},200000,0,0,200000,200000,4000,couple,200000,200000,10000,2000,,,,normal,0,0,0,0,2025-11-19 17:33:29.000000,2025-12-09 17:33:29.000000,system,system,bbc5e661e106c6dcd8dc6dd186454c2f
56,C2,26,SEAT000056,COUPLE,C2,{},200000,0,0,200000,200000,4000,couple,200000,200000,10000,2000,,,,normal,0,0,0,0,2025-12-10 17:33:29.000000,2025-12-08 17:33:29.000000,system,system,bbc5e661e106c6dcd8dc6dd186454c2f
57,C4,26,SEAT000057,COUPLE,C4,{},200000,0,0,200000,200000,4000,couple,200000,200000,10000,2000,,,,normal,0,0,0,0,2025-12-08 17:33:29.000000,2025-12-12 17:33:29.000000,system,system,bbc5e661e106c6dcd8dc6dd186454c2f
58,J9,26,SEAT000058,COUPLE,J9,{},200000,0,0,200000,200000,4000,couple,200000,200000,10000,2000,,,,normal,0,0,0,0,2025-11-27 17:33:29.000000,2025-12-12 17:33:29.000000,system,system,bbc5e661e106c6dcd8dc6dd186454c2f
59,E10,26,SEAT000059,VIP,E10,{},120000,0,0,120000,120000,2400,vip,120000,120000,6000,1200,,,,normal,0,0,0,0,2025-11-21 17:33:29.000000,2025-12-05 17:33:29.000000,system,system,bbc5e661e106c6dcd8dc6dd186454c2f
60,E1,27,SEAT000060,VIP,E1,{},120000,0,0,120000,120000,2400,vip,120000,120000,6000,1200,,,,normal,0,0,0,0,2025-12-03 17:33:29.000000,2025-12-09 17:33:29.000000,system,system,bbc5e661e106c6dcd8dc6dd186454c2f
61,A10,28,SEAT000061,NORMAL,A10,{},85000,0,0,85000,85000,1700,normal,85000,85000,4250,850,,,,normal,0,0,0,0,2025-12-08 17:33:29.000000,2025-12-10 17:33:29.000000,system,system,bbc5e661e106c6dcd8dc6dd186454c2f
62,D6,29,SEAT000062,COUPLE,D6,{},200000,0,0,200000,200000,4000,couple,200000,200000,10000,2000,,,,normal,0,0,0,0,2025-12-05 17:33:29.000000,2025-12-11 17:33:29.000000,system,system,bbc5e661e106c6dcd8dc6dd186454c2f
63,F14,29,SEAT000063,COUPLE,F14,{},200000,0,0,200000,200000,4000,couple,200000,200000,10000,2000,,,,normal,0,0,0,0,2025-12-11 17:33:29.000000,2025-12-08 17:33:29.000000,system,system,bbc5e661e106c6dcd8dc6dd186454c2f
64,I1,29,SEAT000064,VIP,I1,{},120000,0,0,120000,120000,2400,vip,120000,120000,6000,1200,,,,normal,0,0,0,0,2025-12-12 17:33:29.000000,2025-12-10 17:33:29.000000,system,system,bbc5e661e106c6dcd8dc6dd186454c2f
65,I12,29,SEAT000065,NORMAL,I12,{},85000,0,0,85000,85000,1700,normal,85000,85000,4250,850,,,,normal,0,0,0,0,2025-12-10 17:33:29.000000,2025-12-05 17:33:29.000000,system,system,bbc5e661e106c6dcd8dc6dd186454c2f
66,D2,30,SEAT000066,VIP,D2,{},120000,0,0,120000,120000,2400,vip,120000,120000,6000,1200,,,,normal,0,0,0,0,2025-11-14 17:33:29.000000,2025-12-08 17:33:29.000000,system,system,bbc5e661e106c6dcd8dc6dd186454c2f
67,H11,30,SEAT000067,VIP,H11,{},120000,0,0,120000,120000,2400,vip,120000,120000,6000,1200,,,,normal,0,0,0,0,2025-11-25 17:33:29.000000,2025-12-09 17:33:29.000000,system,system,bbc5e661e106c6dcd8dc6dd186454c2f
68,E3,30,SEAT000068,NORMAL,E3,{},85000,0,0,85000,85000,1700,normal,85000,85000,4250,850,,,,normal,0,0,0,0,2025-11-12 17:33:29.000000,2025-12-11 17:33:29.000000,system,system,bbc5e661e106c6dcd8dc6dd186454c2f
69,I6,31,SEAT000069,NORMAL,I6,{},85000,0,0,85000,85000,1700,normal,85000,85000,4250,850,,,,normal,0,0,0,0,2025-12-01 17:33:29.000000,2025-12-06 17:33:29.000000,system,system,bbc5e661e106c6dcd8dc6dd186454c2f
70,F8,31,SEAT000070,NORMAL,F8,{},85000,0,0,85000,85000,1700,normal,85000,85000,4250,850,,,,normal,0,0,0,0,2025-12-03 17:33:29.000000,2025-12-09 17:33:29.000000,system,system,bbc5e661e106c6dcd8dc6dd186454c2f
71,G10,31,SEAT000071,NORMAL,G10,{},85000,0,0,85000,85000,1700,normal,85000,85000,4250,850,,,,normal,0,0,0,0,2025-11-13 17:33:29.000000,2025-12-11 17:33:29.000000,system,system,bbc5e661e106c6dcd8dc6dd186454c2f
72,J10,32,SEAT000072,COUPLE,J10,{},200000,0,0,200000,200000,4000,couple,200000,200000,10000,2000,,,,normal,0,0,0,0,2025-11-18 17:33:29.000000,2025-12-12 17:33:29.000000,system,system,bbc5e661e106c6dcd8dc6dd186454c2f
73,D3,32,SEAT000073,COUPLE,D3,{},200000,0,0,200000,200000,4000,couple,200000,200000,10000,2000,,,,normal,0,0,0,0,2025-11-28 17:33:29.000000,2025-12-10 17:33:29.000000,system,system,bbc5e661e106c6dcd8dc6dd186454c2f
74,A12,33,SEAT000074,VIP,A12,{},120000,0,0,120000,120000,2400,vip,120000,120000,6000,1200,,,,normal,0,0,0,0,2025-11-26 17:33:29.000000,2025-12-10 17:33:29.000000,system,system,bbc5e661e106c6dcd8dc6dd186454c2f
75,G10,34,SEAT000075,VIP,G10,{},120000,0,0,120000,120000,2400,vip,120000,120000,6000,1200,,,,normal,0,0,0,0,2025-11-16 17:33:29.000000,2025-12-12 17:33:29.000000,system,system,bbc5e661e106c6dcd8dc6dd186454c2f
76,J11,35,SEAT000076,NORMAL,J11,{},85000,0,0,85000,85000,1700,normal,85000,85000,4250,850,,,,normal,0,0,0,0,2025-11-20 17:33:29.000000,2025-12-11 17:33:29.000000,system,system,bbc5e661e106c6dcd8dc6dd186454c2f
77,G7,35,SEAT000077,VIP,G7,{},120000,0,0,120000,120000,2400,vip,120000,120000,6000,1200,,,,normal,0,0,0,0,2025-11-29 17:33:29.000000,2025-12-05 17:33:29.000000,system,system,bbc5e661e106c6dcd8dc6dd186454c2f
78,B13,35,SEAT000078,COUPLE,B13,{},200000,0,0,200000,200000,4000,couple,200000,200000,10000,2000,,,,normal,0,0,0,0,2025-11-22 17:33:29.000000,2025-12-10 17:33:29.000000,system,system,bbc5e661e106c6dcd8dc6dd186454c2f
79,E4,36,SEAT000079,VIP,E4,{},120000,0,0,120000,120000,2400,vip,120000,120000,6000,1200,,,,normal,0,0,0,0,2025-11-24 17:33:29.000000,2025-12-06 17:33:29.000000,system,system,bbc5e661e106c6dcd8dc6dd186454c2f
80,F14,36,SEAT000080,NORMAL,F14,{},85000,0,0,85000,85000,1700,normal,85000,85000,4250,850,,,,normal,0,0,0,0,2025-12-07 17:33:29.000000,2025-12-08 17:33:29.000000,system,system,bbc5e661e106c6dcd8dc6dd186454c2f
81,I13,37,SEAT000081,NORMAL,I13,{},85000,0,0,85000,85000,1700,normal,85000,85000,4250,850,,,,normal,0,0,0,0,2025-12-01 17:33:29.000000,2025-12-08 17:33:29.000000,system,system,bbc5e661e106c6dcd8dc6dd186454c2f
82,G13,37,SEAT000082,NORMAL,G13,{},85000,0,0,85000,85000,1700,normal,85000,85000,4250,850,,,,normal,0,0,0,0,2025-11-30 17:33:29.000000,2025-12-10 17:33:29.000000,system,system,bbc5e661e106c6dcd8dc6dd186454c2f
83,E13,37,SEAT000083,COUPLE,E13,{},200000,0,0,200000,200000,4000,couple,200000,200000,10000,2000,,,,normal,0,0,0,0,2025-11-25 17:33:29.000000,2025-12-12 17:33:29.000000,system,system,bbc5e661e106c6dcd8dc6dd186454c2f
84,H12,38,SEAT000084,COUPLE,H12,{},200000,0,0,200000,200000,4000,couple,200000,200000,10000,2000,,,,normal,0,0,0,0,2025-11-18 17:33:29.000000,2025-12-07 17:33:29.000000,system,system,bbc5e661e106c6dcd8dc6dd186454c2f
85,B3,38,SEAT000085,COUPLE,B3,{},200000,0,0,200000,200000,4000,couple,200000,200000,10000,2000,,,,normal,0,0,0,0,2025-12-08 17:33:29.000000,2025-12-11 17:33:29.000000,system,system,bbc5e661e106c6dcd8dc6dd186454c2f
86,G4,39,SEAT000086,VIP,G4,{},120000,0,0,120000,120000,2400,vip,120000,120000,6000,1200,,,,normal,0,0,0,0,2025-11-23 17:33:29.000000,2025-12-10 17:33:29.000000,system,system,bbc5e661e106c6dcd8dc6dd186454c2f
87,H12,39,SEAT000087,VIP,H12,{},120000,0,0,120000,120000,2400,vip,120000,120000,6000,1200,,,,normal,0,0,0,0,2025-12-01 17:33:29.000000,2025-12-06 17:33:29.000000,system,system,bbc5e661e106c6dcd8dc6dd186454c2f
88,C12,39,SEAT000088,VIP,C12,{},120000,0,0,120000,120000,2400,vip,120000,120000,6000,1200,,,,normal,0,0,0,0,2025-12-08 17:33:29.000000,2025-12-12 17:33:29.000000,system,system,bbc5e661e106c6dcd8dc6dd186454c2f
89,D14,39,SEAT000089,VIP,D14,{},120000,0,0,120000,120000,2400,vip,120000,120000,6000,1200,,,,normal,0,0,0,0,2025-11-19 17:33:29.000000,2025-12-12 17:33:29.000000,system,system,bbc5e661e106c6dcd8dc6dd186454c2f
90,F4,40,SEAT000090,NORMAL,F4,{},85000,0,0,85000,85000,1700,normal,85000,85000,4250,850,,,,normal,0,0,0,0,2025-12-07 17:33:29.000000,2025-12-07 17:33:29.000000,system,system,bbc5e661e106c6dcd8dc6dd186454c2f
91,C9,40,SEAT000091,NORMAL,C9,{},85000,0,0,85000,85000,1700,normal,85000,85000,4250,850,,,,normal,0,0,0,0,2025-11-22 17:33:29.000000,2025-12-10 17:33:29.000000,system,system,bbc5e661e106c6dcd8dc6dd186454c2f
92,H13,40,SEAT000092,VIP,H13,{},120000,0,0,120000,120000,2400,vip,120000,120000,6000,1200,,,,normal,0,0,0,0,2025-12-11 17:33:29.000000,2025-12-10 17:33:29.000000,system,system,bbc5e661e106c6dcd8dc6dd186454c2f
93,F7,41,SEAT000093,NORMAL,F7,{},85000,0,0,85000,85000,1700,normal,85000,85000,4250,850,,,,normal,0,0,0,0,2025-11-15 17:33:29.000000,2025-12-12 17:33:29.000000,system,system,bbc5e661e106c6dcd8dc6dd186454c2f
94,H10,41,SEAT000094,NORMAL,H10,{},85000,0,0,85000,85000,1700,normal,85000,85000,4250,850,,,,normal,0,0,0,0,2025-12-04 17:33:29.000000,2025-12-12 17:33:29.000000,system,system,bbc5e661e106c6dcd8dc6dd186454c2f
95,J9,41,SEAT000095,NORMAL,J9,{},85000,0,0,85000,85000,1700,normal,85000,85000,4250,850,,,,normal,0,0,0,0,2025-12-06 17:33:29.000000,2025-12-11 17:33:29.000000,system,system,bbc5e661e106c6dcd8dc6dd186454c2f
96,A6,41,SEAT000096,NORMAL,A6,{},85000,0,0,85000,85000,1700,normal,85000,85000,4250,850,,,,normal,0,0,0,0,2025-12-12 17:33:29.000000,2025-12-10 17:33:29.000000,system,system,bbc5e661e106c6dcd8dc6dd186454c2f
97,B5,42,SEAT000097,NORMAL,B5,{},85000,0,0,85000,85000,1700,normal,85000,85000,4250,850,,,,normal,0,0,0,0,2025-11-20 17:33:29.000000,2025-12-07 17:33:29.000000,system,system,bbc5e661e106c6dcd8dc6dd186454c2f
98,E4,43,SEAT000098,NORMAL,E4,{},85000,0,0,85000,85000,1700,normal,85000,85000,4250,850,,,,normal,0,0,0,0,2025-11-21 17:33:29.000000,2025-12-08 17:33:29.000000,system,system,bbc5e661e106c6dcd8dc6dd186454c2f
99,D6,44,SEAT000099,COUPLE,D6,{},200000,0,0,200000,200000,4000,couple,200000,200000,10000,2000,,,,normal,0,0,0,0,2025-11-13 17:33:29.000000,2025-12-05 17:33:29.000000,system,system,bbc5e661e106c6dcd8dc6dd186454c2f
100,C13,44,SEAT000100,VIP,C13,{},120000,0,0,120000,120000,2400,vip,120000,120000,6000,1200,,,,normal,0,0,0,0,2025-12-04 17:33:29.000000,2025-12-06 17:33:29.000000,system,system,bbc5e661e106c6dcd8dc6dd186454c2f
101,G1,44,SEAT000101,VIP,G1,{},120000,0,0,120000,120000,2400,vip,120000,120000,6000,1200,,,,normal,0,0,0,0,2025-12-02 17:33:29.000000,2025-12-07 17:33:29.000000,system,system,bbc5e661e106c6dcd8dc6dd186454c2f
102,C3,45,SEAT000102,COUPLE,C3,{},200000,0,0,200000,200000,4000,couple,200000,200000,10000,2000,,,,normal,0,0,0,0,2025-11-16 17:33:29.000000,2025-12-07 17:33:29.000000,system,system,bbc5e661e106c6dcd8dc6dd186454c2f
103,F10,45,SEAT000103,VIP,F10,{},120000,0,0,120000,120000,2400,vip,120000,120000,6000,1200,,,,normal,0,0,0,0,2025-11-16 17:33:29.000000,2025-12-09 17:33:29.000000,system,system,bbc5e661e106c6dcd8dc6dd186454c2f
104,E15,46,SEAT000104,COUPLE,E15,{},200000,0,0,200000,200000,4000,couple,200000,200000,10000,2000,,,,normal,0,0,0,0,2025-11-25 17:33:29.000000,2025-12-11 17:33:29.000000,system,system,bbc5e661e106c6dcd8dc6dd186454c2f
105,J15,46,SEAT000105,COUPLE,J15,{},200000,0,0,200000,200000,4000,couple,200000,200000,10000,2000,,,,normal,0,0,0,0,2025-11-15 17:33:29.000000,2025-12-11 17:33:29.000000,system,system,bbc5e661e106c6dcd8dc6dd186454c2f
106,H3,46,SEAT000106,NORMAL,H3,{},85000,0,0,85000,85000,1700,normal,85000,85000,4250,850,,,,normal,0,0,0,0,2025-11-16 17:33:29.000000,2025-12-08 17:33:29.000000,system,system,bbc5e661e106c6dcd8dc6dd186454c2f
107,J10,47,SEAT000107,COUPLE,J10,{},200000,0,0,200000,200000,4000,couple,200000,200000,10000,2000,,,,normal,0,0,0,0,2025-12-07 17:33:29.000000,2025-12-06 17:33:29.000000,system,system,bbc5e661e106c6dcd8dc6dd186454c2f
108,D15,48,SEAT000108,COUPLE,D15,{},200000,0,0,200000,200000,4000,couple,200000,200000,10000,2000,,,,normal,0,0,0,0,2025-12-11 17:33:29.000000,2025-12-08 17:33:29.000000,system,system,bbc5e661e106c6dcd8dc6dd186454c2f
109,C7,49,SEAT000109,NORMAL,C7,{},85000,0,0,85000,85000,1700,normal,85000,85000,4250,850,,,,normal,0,0,0,0,2025-11-20 17:33:29.000000,2025-12-09 17:33:29.000000,system,system,bbc5e661e106c6dcd8dc6dd186454c2f
110,G5,50,SEAT000110,VIP,G5,{},120000,0,0,120000,120000,2400,vip,120000,120000,6000,1200,,,,normal,0,0,0,0,2025-11-21 17:33:29.000000,2025-12-08 17:33:29.000000,system,system,bbc5e661e106c6dcd8dc6dd186454c2f
111,A2,50,SEAT000111,VIP,A2,{},120000,0,0,120000,120000,2400,vip,120000,120000,6000,1200,,,,normal,0,0,0,0,2025-11-12 17:33:29.000000,2025-12-05 17:33:29.000000,system,system,bbc5e661e106c6dcd8dc6dd186454c2f
112,B14,50,SEAT000112,VIP,B14,{},120000,0,0,120000,120000,2400,vip,120000,120000,6000,1200,,,,normal,0,0,0,0,2025-11-20 17:33:29.000000,2025-12-09 17:33:29.000000,system,system,bbc5e661e106c6dcd8dc6dd186454c2f
113,F2,50,SEAT000113,VIP,F2,{},120000,0,0,120000,120000,2400,vip,120000,120000,6000,1200,,,,normal,0,0,0,0,2025-12-07 17:33:29.000000,2025-12-08 17:33:29.000000,system,system,bbc5e661e106c6dcd8dc6dd186454c2f
114,G13,51,SEAT000114,VIP,G13,{},120000,0,0,120000,120000,2400,vip,120000,120000,6000,1200,,,,normal,0,0,0,0,2025-12-06 17:33:29.000000,2025-12-05 17:33:29.000000,system,system,bbc5e661e106c6dcd8dc6dd186454c2f
115,E13,51,SEAT000115,COUPLE,E13,{},200000,0,0,200000,200000,4000,couple,200000,200000,10000,2000,,,,normal,0,0,0,0,2025-11-26 17:33:29.000000,2025-12-07 17:33:29.000000,system,system,bbc5e661e106c6dcd8dc6dd186454c2f
116,D15,52,SEAT000116,COUPLE,D15,{},200000,0,0,200000,200000,4000,couple,200000,200000,10000,2000,,,,normal,0,0,0,0,2025-11-21 17:33:29.000000,2025-12-07 17:33:29.000000,system,system,bbc5e661e106c6dcd8dc6dd186454c2f
117,E10,52,SEAT000117,COUPLE,E10,{},200000,0,0,200000,200000,4000,couple,200000,200000,10000,2000,,,,normal,0,0,0,0,2025-11-26 17:33:29.000000,2025-12-06 17:33:29.000000,system,system,bbc5e661e106c6dcd8dc6dd186454c2f
118,G12,53,SEAT000118,NORMAL,G12,{},85000,0,0,85000,85000,1700,normal,85000,85000,4250,850,,,,normal,0,0,0,0,2025-12-05 17:33:29.000000,2025-12-08 17:33:29.000000,system,system,bbc5e661e106c6dcd8dc6dd186454c2f
119,J11,53,SEAT000119,VIP,J11,{},120000,0,0,120000,120000,2400,vip,120000,120000,6000,1200,,,,normal,0,0,0,0,2025-12-08 17:33:29.000000,2025-12-11 17:33:29.000000,system,system,bbc5e661e106c6dcd8dc6dd186454c2f
120,I7,53,SEAT000120,NORMAL,I7,{},85000,0,0,85000,85000,1700,normal,85000,85000,4250,850,,,,normal,0,0,0,0,2025-11-30 17:33:29.000000,2025-12-06 17:33:29.000000,system,system,bbc5e661e106c6dcd8dc6dd186454c2f
121,E2,54,SEAT000121,COUPLE,E2,{},200000,0,0,200000,200000,4000,couple,200000,200000,10000,2000,,,,normal,0,0,0,0,2025-11-14 17:33:29.000000,2025-12-11 17:33:29.000000,system,system,bbc5e661e106c6dcd8dc6dd186454c2f
122,C7,54,SEAT000122,COUPLE,C7,{},200000,0,0,200000,200000,4000,couple,200000,200000,10000,2000,,,,normal,0,0,0,0,2025-11-17 17:33:29.000000,2025-12-10 17:33:29.000000,system,system,bbc5e661e106c6dcd8dc6dd186454c2f
123,I8,54,SEAT000123,VIP,I8,{},120000,0,0,120000,120000,2400,vip,120000,120000,6000,1200,,,,normal,0,0,0,0,2025-11-14 17:33:29.000000,2025-12-06 17:33:29.000000,system,system,bbc5e661e106c6dcd8dc6dd186454c2f
124,D9,54,SEAT000124,VIP,D9,{},120000,0,0,120000,120000,2400,vip,120000,120000,6000,1200,,,,normal,0,0,0,0,2025-12-07 17:33:29.000000,2025-12-06 17:33:29.000000,system,system,bbc5e661e106c6dcd8dc6dd186454c2f
125,H7,55,SEAT000125,NORMAL,H7,{},85000,0,0,85000,85000,1700,normal,85000,85000,4250,850,,,,normal,0,0,0,0,2025-11-13 17:33:29.000000,2025-12-09 17:33:29.000000,system,system,bbc5e661e106c6dcd8dc6dd186454c2f
126,I4,55,SEAT000126,COUPLE,I4,{},200000,0,0,200000,200000,4000,couple,200000,200000,10000,2000,,,,normal,0,0,0,0,2025-11-21 17:33:29.000000,2025-12-08 17:33:29.000000,system,system,bbc5e661e106c6dcd8dc6dd186454c2f
127,H5,55,SEAT000127,COUPLE,H5,{},200000,0,0,200000,200000,4000,couple,200000,200000,10000,2000,,,,normal,0,0,0,0,2025-11-24 17:33:29.000000,2025-12-12 17:33:29.000000,system,system,bbc5e661e106c6dcd8dc6dd186454c2f
128,H10,56,SEAT000128,VIP,H10,{},120000,0,0,120000,120000,2400,vip,120000,120000,6000,1200,,,,normal,0,0,0,0,2025-11-27 17:33:29.000000,2025-12-05 17:33:29.000000,system,system,bbc5e661e106c6dcd8dc6dd186454c2f
129,C6,57,SEAT000129,VIP,C6,{},120000,0,0,120000,120000,2400,vip,120000,120000,6000,1200,,,,normal,0,0,0,0,2025-11-22 17:33:29.000000,2025-12-10 17:33:29.000000,system,system,bbc5e661e106c6dcd8dc6dd186454c2f
130,A2,57,SEAT000130,COUPLE,A2,{},200000,0,0,200000,200000,4000,couple,200000,200000,10000,2000,,,,normal,0,0,0,0,2025-12-10 17:33:29.000000,2025-12-11 17:33:29.000000,system,system,bbc5e661e106c6dcd8dc6dd186454c2f
131,D4,57,SEAT000131,VIP,D4,{},120000,0,0,120000,120000,2400,vip,120000,120000,6000,1200,,,,normal,0,0,0,0,2025-12-11 17:33:29.000000,2025-12-12 17:33:29.000000,system,system,bbc5e661e106c6dcd8dc6dd186454c2f
132,I11,57,SEAT000132,NORMAL,I11,{},85000,0,0,85000,85000,1700,normal,85000,85000,4250,850,,,,normal,0,0,0,0,2025-11-24 17:33:29.000000,2025-12-06 17:33:29.000000,system,system,bbc5e661e106c6dcd8dc6dd186454c2f
133,F8,58,SEAT000133,COUPLE,F8,{},200000,0,0,200000,200000,4000,couple,200000,200000,10000,2000,,,,normal,0,0,0,0,2025-12-09 17:33:29.000000,2025-12-07 17:33:29.000000,system,system,bbc5e661e106c6dcd8dc6dd186454c2f
134,I13,58,SEAT000134,NORMAL,I13,{},85000,0,0,85000,85000,1700,normal,85000,85000,4250,850,,,,normal,0,0,0,0,2025-12-11 17:33:29.000000,2025-12-09 17:33:29.000000,system,system,bbc5e661e106c6dcd8dc6dd186454c2f
135,F13,58,SEAT000135,VIP,F13,{},120000,0,0,120000,120000,2400,vip,120000,120000,6000,1200,,,,normal,0,0,0,0,2025-12-08 17:33:29.000000,2025-12-10 17:33:29.000000,system,system,bbc5e661e106c6dcd8dc6dd186454c2f
136,J12,58,SEAT000136,NORMAL,J12,{},85000,0,0,85000,85000,1700,normal,85000,85000,4250,850,,,,normal,0,0,0,0,2025-12-07 17:33:29.000000,2025-12-07 17:33:29.000000,system,system,bbc5e661e106c6dcd8dc6dd186454c2f
137,C4,59,SEAT000137,VIP,C4,{},120000,0,0,120000,120000,2400,vip,120000,120000,6000,1200,,,,normal,0,0,0,0,2025-11-26 17:33:29.000000,2025-12-09 17:33:29.000000,system,system,bbc5e661e106c6dcd8dc6dd186454c2f
138,F12,60,SEAT000138,COUPLE,F12,{},200000,0,0,200000,200000,4000,couple,200000,200000,10000,2000,,,,normal,0,0,0,0,2025-11-25 17:33:29.000000,2025-12-12 17:33:29.000000,system,system,bbc5e661e106c6dcd8dc6dd186454c2f
139,A11,60,SEAT000139,NORMAL,A11,{},85000,0,0,85000,85000,1700,normal,85000,85000,4250,850,,,,normal,0,0,0,0,2025-11-15 17:33:29.000000,2025-12-08 17:33:29.000000,system,system,bbc5e661e106c6dcd8dc6dd186454c2f
140,H15,60,SEAT000140,NORMAL,H15,{},85000,0,0,85000,85000,1700,normal,85000,85000,4250,850,,,,normal,0,0,0,0,2025-12-06 17:33:29.000000,2025-12-05 17:33:29.000000,system,system,bbc5e661e106c6dcd8dc6dd186454c2f
141,E9,60,SEAT000141,NORMAL,E9,{},85000,0,0,85000,85000,1700,normal,85000,85000,4250,850,,,,normal,0,0,0,0,2025-11-22 17:33:29.000000,2025-12-10 17:33:29.000000,system,system,bbc5e661e106c6dcd8dc6dd186454c2f
142,H13,61,SEAT000142,COUPLE,H13,{},200000,0,0,200000,200000,4000,couple,200000,200000,10000,2000,,,,normal,0,0,0,0,2025-12-12 17:33:29.000000,2025-12-05 17:33:29.000000,system,system,bbc5e661e106c6dcd8dc6dd186454c2f
143,D15,61,SEAT000143,NORMAL,D15,{},85000,0,0,85000,85000,1700,normal,85000,85000,4250,850,,,,normal,0,0,0,0,2025-12-09 17:33:29.000000,2025-12-05 17:33:29.000000,system,system,bbc5e661e106c6dcd8dc6dd186454c2f
144,B6,62,SEAT000144,COUPLE,B6,{},200000,0,0,200000,200000,4000,couple,200000,200000,10000,2000,,,,normal,0,0,0,0,2025-12-05 17:33:29.000000,2025-12-06 17:33:29.000000,system,system,bbc5e661e106c6dcd8dc6dd186454c2f
145,J13,62,SEAT000145,COUPLE,J13,{},200000,0,0,200000,200000,4000,couple,200000,200000,10000,2000,,,,normal,0,0,0,0,2025-11-26 17:33:29.000000,2025-12-06 17:33:29.000000,system,system,bbc5e661e106c6dcd8dc6dd186454c2f
146,D14,62,SEAT000146,VIP,D14,{},120000,0,0,120000,120000,2400,vip,120000,120000,6000,1200,,,,normal,0,0,0,0,2025-11-29 17:33:29.000000,2025-12-05 17:33:29.000000,system,system,bbc5e661e106c6dcd8dc6dd186454c2f
147,J15,63,SEAT000147,VIP,J15,{},120000,0,0,120000,120000,2400,vip,120000,120000,6000,1200,,,,normal,0,0,0,0,2025-11-20 17:33:29.000000,2025-12-11 17:33:29.000000,system,system,bbc5e661e106c6dcd8dc6dd186454c2f
148,H15,63,SEAT000148,COUPLE,H15,{},200000,0,0,200000,200000,4000,couple,200000,200000,10000,2000,,,,normal,0,0,0,0,2025-11-28 17:33:29.000000,2025-12-06 17:33:29.000000,system,system,bbc5e661e106c6dcd8dc6dd186454c2f
149,C12,63,SEAT000149,VIP,C12,{},120000,0,0,120000,120000,2400,vip,120000,120000,6000,1200,,,,normal,0,0,0,0,2025-11-23 17:33:29.000000,2025-12-05 17:33:29.000000,system,system,bbc5e661e106c6dcd8dc6dd186454c2f
150,E14,63,SEAT000150,NORMAL,E14,{},85000,0,0,85000,85000,1700,normal,85000,85000,4250,850,,,,normal,0,0,0,0,2025-11-25 17:33:29.000000,2025-12-06 17:33:29.000000,system,system,bbc5e661e106c6dcd8dc6dd186454c2f
151,F12,64,SEAT000151,COUPLE,F12,{},200000,0,0,200000,200000,4000,couple,200000,200000,10000,2000,,,,normal,0,0,0,0,2025-11-24 17:33:29.000000,2025-12-10 17:33:29.000000,system,system,bbc5e661e106c6dcd8dc6dd186454c2f
152,D7,65,SEAT000152,VIP,D7,{},120000,0,0,120000,120000,2400,vip,120000,120000,6000,1200,,,,normal,0,0,0,0,2025-12-01 17:33:29.000000,2025-12-11 17:33:29.000000,system,system,bbc5e661e106c6dcd8dc6dd186454c2f
153,I7,65,SEAT000153,VIP,I7,{},120000,0,0,120000,120000,2400,vip,120000,120000,6000,1200,,,,normal,0,0,0,0,2025-12-03 17:33:29.000000,2025-12-11 17:33:29.000000,system,system,bbc5e661e106c6dcd8dc6dd186454c2f
154,D2,65,SEAT000154,COUPLE,D2,{},200000,0,0,200000,200000,4000,couple,200000,200000,10000,2000,,,,normal,0,0,0,0,2025-12-10 17:33:29.000000,2025-12-08 17:33:29.000000,system,system,bbc5e661e106c6dcd8dc6dd186454c2f
155,G7,66,SEAT000155,COUPLE,G7,{},200000,0,0,200000,200000,4000,couple,200000,200000,10000,2000,,,,normal,0,0,0,0,2025-11-16 17:33:29.000000,2025-12-06 17:33:29.000000,system,system,bbc5e661e106c6dcd8dc6dd186454c2f
156,E2,67,SEAT000156,NORMAL,E2,{},85000,0,0,85000,85000,1700,normal,85000,85000,4250,850,,,,normal,0,0,0,0,2025-11-20 17:33:29.000000,2025-12-09 17:33:29.000000,system,system,bbc5e661e106c6dcd8dc6dd186454c2f
157,G14,68,SEAT000157,VIP,G14,{},120000,0,0,120000,120000,2400,vip,120000,120000,6000,1200,,,,normal,0,0,0,0,2025-11-30 17:33:29.000000,2025-12-11 17:33:29.000000,system,system,bbc5e661e106c6dcd8dc6dd186454c2f
158,I9,68,SEAT000158,COUPLE,I9,{},200000,0,0,200000,200000,4000,couple,200000,200000,10000,2000,,,,normal,0,0,0,0,2025-11-19 17:33:29.000000,2025-12-10 17:33:29.000000,system,system,bbc5e661e106c6dcd8dc6dd186454c2f
159,I8,68,SEAT000159,VIP,I8,{},120000,0,0,120000,120000,2400,vip,120000,120000,6000,1200,,,,normal,0,0,0,0,2025-12-06 17:33:29.000000,2025-12-07 17:33:29.000000,system,system,bbc5e661e106c6dcd8dc6dd186454c2f
160,A15,69,SEAT000160,COUPLE,A15,{},200000,0,0,200000,200000,4000,couple,200000,200000,10000,2000,,,,normal,0,0,0,0,2025-12-10 17:33:29.000000,2025-12-11 17:33:29.000000,system,system,bbc5e661e106c6dcd8dc6dd186454c2f
161,H7,69,SEAT000161,COUPLE,H7,{},200000,0,0,200000,200000,4000,couple,200000,200000,10000,2000,,,,normal,0,0,0,0,2025-11-12 17:33:29.000000,2025-12-12 17:33:29.000000,system,system,bbc5e661e106c6dcd8dc6dd186454c2f
162,C8,70,SEAT000162,COUPLE,C8,{},200000,0,0,200000,200000,4000,couple,200000,200000,10000,2000,,,,normal,0,0,0,0,2025-11-17 17:33:29.000000,2025-12-08 17:33:29.000000,system,system,bbc5e661e106c6dcd8dc6dd186454c2f
163,F12,70,SEAT000163,VIP,F12,{},120000,0,0,120000,120000,2400,vip,120000,120000,6000,1200,,,,normal,0,0,0,0,2025-11-15 17:33:29.000000,2025-12-05 17:33:29.000000,system,system,bbc5e661e106c6dcd8dc6dd186454c2f
164,D12,70,SEAT000164,VIP,D12,{},120000,0,0,120000,120000,2400,vip,120000,120000,6000,1200,,,,normal,0,0,0,0,2025-11-16 17:33:29.000000,2025-12-11 17:33:29.000000,system,system,bbc5e661e106c6dcd8dc6dd186454c2f
165,E7,70,SEAT000165,VIP,E7,{},120000,0,0,120000,120000,2400,vip,120000,120000,6000,1200,,,,normal,0,0,0,0,2025-12-06 17:33:29.000000,2025-12-11 17:33:29.000000,system,system,bbc5e661e106c6dcd8dc6dd186454c2f
166,C4,71,SEAT000166,NORMAL,C4,{},85000,0,0,85000,85000,1700,normal,85000,85000,4250,850,,,,normal,0,0,0,0,2025-12-01 17:33:29.000000,2025-12-08 17:33:29.000000,system,system,bbc5e661e106c6dcd8dc6dd186454c2f
167,F5,72,SEAT000167,NORMAL,F5,{},85000,0,0,85000,85000,1700,normal,85000,85000,4250,850,,,,normal,0,0,0,0,2025-11-16 17:33:29.000000,2025-12-12 17:33:29.000000,system,system,bbc5e661e106c6dcd8dc6dd186454c2f
168,D3,73,SEAT000168,NORMAL,D3,{},85000,0,0,85000,85000,1700,normal,85000,85000,4250,850,,,,normal,0,0,0,0,2025-12-03 17:33:29.000000,2025-12-05 17:33:29.000000,system,system,bbc5e661e106c6dcd8dc6dd186454c2f
169,D6,73,SEAT000169,NORMAL,D6,{},85000,0,0,85000,85000,1700,normal,85000,85000,4250,850,,,,normal,0,0,0,0,2025-11-14 17:33:29.000000,2025-12-08 17:33:29.000000,system,system,bbc5e661e106c6dcd8dc6dd186454c2f
170,F6,73,SEAT000170,COUPLE,F6,{},200000,0,0,200000,200000,4000,couple,200000,200000,10000,2000,,,,normal,0,0,0,0,2025-11-26 17:33:29.000000,2025-12-10 17:33:29.000000,system,system,bbc5e661e106c6dcd8dc6dd186454c2f
171,A6,74,SEAT000171,VIP,A6,{},120000,0,0,120000,120000,2400,vip,120000,120000,6000,1200,,,,normal,0,0,0,0,2025-12-07 17:33:29.000000,2025-12-07 17:33:29.000000,system,system,bbc5e661e106c6dcd8dc6dd186454c2f
172,F7,75,SEAT000172,NORMAL,F7,{},85000,0,0,85000,85000,1700,normal,85000,85000,4250,850,,,,normal,0,0,0,0,2025-11-15 17:33:29.000000,2025-12-11 17:33:29.000000,system,system,bbc5e661e106c6dcd8dc6dd186454c2f
173,H2,75,SEAT000173,NORMAL,H2,{},85000,0,0,85000,85000,1700,normal,85000,85000,4250,850,,,,normal,0,0,0,0,2025-11-26 17:33:29.000000,2025-12-09 17:33:29.000000,system,system,bbc5e661e106c6dcd8dc6dd186454c2f
174,A2,75,SEAT000174,VIP,A2,{},120000,0,0,120000,120000,2400,vip,120000,120000,6000,1200,,,,normal,0,0,0,0,2025-11-16 17:33:29.000000,2025-12-08 17:33:29.000000,system,system,bbc5e661e106c6dcd8dc6dd186454c2f
175,D1,76,SEAT000175,VIP,D1,{},120000,0,0,120000,120000,2400,vip,120000,120000,6000,1200,,,,normal,0,0,0,0,2025-12-08 17:33:29.000000,2025-12-12 17:33:29.000000,system,system,bbc5e661e106c6dcd8dc6dd186454c2f
176,I8,77,SEAT000176,COUPLE,I8,{},200000,0,0,200000,200000,4000,couple,200000,200000,10000,2000,,,,normal,0,0,0,0,2025-11-17 17:33:29.000000,2025-12-12 17:33:29.000000,system,system,bbc5e661e106c6dcd8dc6dd186454c2f
177,H10,77,SEAT000177,COUPLE,H10,{},200000,0,0,200000,200000,4000,couple,200000,200000,10000,2000,,,,normal,0,0,0,0,2025-11-24 17:33:29.000000,2025-12-09 17:33:29.000000,system,system,bbc5e661e106c6dcd8dc6dd186454c2f
178,G9,78,SEAT000178,COUPLE,G9,{},200000,0,0,200000,200000,4000,couple,200000,200000,10000,2000,,,,normal,0,0,0,0,2025-12-03 17:33:29.000000,2025-12-09 17:33:29.000000,system,system,bbc5e661e106c6dcd8dc6dd186454c2f
179,D10,78,SEAT000179,NORMAL,D10,{},85000,0,0,85000,85000,1700,normal,85000,85000,4250,850,,,,normal,0,0,0,0,2025-11-23 17:33:29.000000,2025-12-09 17:33:29.000000,system,system,bbc5e661e106c6dcd8dc6dd186454c2f
180,H15,79,SEAT000180,VIP,H15,{},120000,0,0,120000,120000,2400,vip,120000,120000,6000,1200,,,,normal,0,0,0,0,2025-11-30 17:33:29.000000,2025-12-09 17:33:29.000000,system,system,bbc5e661e106c6dcd8dc6dd186454c2f
181,F11,79,SEAT000181,COUPLE,F11,{},200000,0,0,200000,200000,4000,couple,200000,200000,10000,2000,,,,normal,0,0,0,0,2025-11-29 17:33:29.000000,2025-12-08 17:33:29.000000,system,system,bbc5e661e106c6dcd8dc6dd186454c2f
182,F10,80,SEAT000182,VIP,F10,{},120000,0,0,120000,120000,2400,vip,120000,120000,6000,1200,,,,normal,0,0,0,0,2025-12-04 17:33:29.000000,2025-12-05 17:33:29.000000,system,system,bbc5e661e106c6dcd8dc6dd186454c2f
183,E2,80,SEAT000183,VIP,E2,{},120000,0,0,120000,120000,2400,vip,120000,120000,6000,1200,,,,normal,0,0,0,0,2025-11-17 17:33:29.000000,2025-12-05 17:33:29.000000,system,system,bbc5e661e106c6dcd8dc6dd186454c2f
184,C8,80,SEAT000184,VIP,C8,{},120000,0,0,120000,120000,2400,vip,120000,120000,6000,1200,,,,normal,0,0,0,0,2025-11-17 17:33:29.000000,2025-12-09 17:33:29.000000,system,system,bbc5e661e106c6dcd8dc6dd186454c2f
185,A11,81,SEAT000185,VIP,A11,{},120000,0,0,120000,120000,2400,vip,120000,120000,6000,1200,,,,normal,0,0,0,0,2025-11-27 17:33:29.000000,2025-12-07 17:33:29.000000,system,system,bbc5e661e106c6dcd8dc6dd186454c2f
186,C10,82,SEAT000186,NORMAL,C10,{},85000,0,0,85000,85000,1700,normal,85000,85000,4250,850,,,,normal,0,0,0,0,2025-11-27 17:33:29.000000,2025-12-12 17:33:29.000000,system,system,bbc5e661e106c6dcd8dc6dd186454c2f
187,B5,83,SEAT000187,NORMAL,B5,{},85000,0,0,85000,85000,1700,normal,85000,85000,4250,850,,,,normal,0,0,0,0,2025-12-11 17:33:29.000000,2025-12-11 17:33:29.000000,system,system,bbc5e661e106c6dcd8dc6dd186454c2f
188,D14,84,SEAT000188,NORMAL,D14,{},85000,0,0,85000,85000,1700,normal,85000,85000,4250,850,,,,normal,0,0,0,0,2025-12-10 17:33:29.000000,2025-12-10 17:33:29.000000,system,system,bbc5e661e106c6dcd8dc6dd186454c2f
189,D6,84,SEAT000189,NORMAL,D6,{},85000,0,0,85000,85000,1700,normal,85000,85000,4250,850,,,,normal,0,0,0,0,2025-12-01 17:33:29.000000,2025-12-06 17:33:29.000000,system,system,bbc5e661e106c6dcd8dc6dd186454c2f
190,I13,84,SEAT000190,COUPLE,I13,{},200000,0,0,200000,200000,4000,couple,200000,200000,10000,2000,,,,normal,0,0,0,0,2025-11-30 17:33:29.000000,2025-12-08 17:33:29.000000,system,system,bbc5e661e106c6dcd8dc6dd186454c2f
191,D15,85,SEAT000191,NORMAL,D15,{},85000,0,0,85000,85000,1700,normal,85000,85000,4250,850,,,,normal,0,0,0,0,2025-11-15 17:33:29.000000,2025-12-09 17:33:29.000000,system,system,bbc5e661e106c6dcd8dc6dd186454c2f
192,J4,85,SEAT000192,NORMAL,J4,{},85000,0,0,85000,85000,1700,normal,85000,85000,4250,850,,,,normal,0,0,0,0,2025-11-18 17:33:29.000000,2025-12-12 17:33:29.000000,system,system,bbc5e661e106c6dcd8dc6dd186454c2f
193,A7,85,SEAT000193,COUPLE,A7,{},200000,0,0,200000,200000,4000,couple,200000,200000,10000,2000,,,,normal,0,0,0,0,2025-11-28 17:33:29.000000,2025-12-11 17:33:29.000000,system,system,bbc5e661e106c6dcd8dc6dd186454c2f
194,C9,85,SEAT000194,COUPLE,C9,{},200000,0,0,200000,200000,4000,couple,200000,200000,10000,2000,,,,normal,0,0,0,0,2025-12-02 17:33:29.000000,2025-12-10 17:33:29.000000,system,system,bbc5e661e106c6dcd8dc6dd186454c2f
195,D1,86,SEAT000195,NORMAL,D1,{},85000,0,0,85000,85000,1700,normal,85000,85000,4250,850,,,,normal,0,0,0,0,2025-11-28 17:33:29.000000,2025-12-06 17:33:29.000000,system,system,bbc5e661e106c6dcd8dc6dd186454c2f
196,G15,86,SEAT000196,COUPLE,G15,{},200000,0,0,200000,200000,4000,couple,200000,200000,10000,2000,,,,normal,0,0,0,0,2025-11-23 17:33:29.000000,2025-12-07 17:33:29.000000,system,system,bbc5e661e106c6dcd8dc6dd186454c2f
197,F12,87,SEAT000197,NORMAL,F12,{},85000,0,0,85000,85000,1700,normal,85000,85000,4250,850,,,,normal,0,0,0,0,2025-11-15 17:33:29.000000,2025-12-08 17:33:29.000000,system,system,bbc5e661e106c6dcd8dc6dd186454c2f
198,I11,88,SEAT000198,VIP,I11,{},120000,0,0,120000,120000,2400,vip,120000,120000,6000,1200,,,,normal,0,0,0,0,2025-12-12 17:33:29.000000,2025-12-09 17:33:29.000000,system,system,bbc5e661e106c6dcd8dc6dd186454c2f
199,C2,89,SEAT000199,VIP,C2,{},120000,0,0,120000,120000,2400,vip,120000,120000,6000,1200,,,,normal,0,0,0,0,2025-12-11 17:33:29.000000,2025-12-06 17:33:29.000000,system,system,bbc5e661e106c6dcd8dc6dd186454c2f
200,J4,90,SEAT000200,VIP,J4,{},120000,0,0,120000,120000,2400,vip,120000,120000,6000,1200,,,,normal,0,0,0,0,2025-11-13 17:33:29.000000,2025-12-05 17:33:29.000000,system,system,bbc5e661e106c6dcd8dc6dd186454c2f
201,J11,91,SEAT000201,COUPLE,J11,{},200000,0,0,200000,200000,4000,couple,200000,200000,10000,2000,,,,normal,0,0,0,0,2025-12-02 17:33:29.000000,2025-12-08 17:33:29.000000,system,system,bbc5e661e106c6dcd8dc6dd186454c2f
202,I2,91,SEAT000202,COUPLE,I2,{},200000,0,0,200000,200000,4000,couple,200000,200000,10000,2000,,,,normal,0,0,0,0,2025-12-05 17:33:29.000000,2025-12-07 17:33:29.000000,system,system,bbc5e661e106c6dcd8dc6dd186454c2f
203,E8,92,SEAT000203,VIP,E8,{},120000,0,0,120000,120000,2400,vip,120000,120000,6000,1200,,,,normal,0,0,0,0,2025-12-09 17:33:29.000000,2025-12-09 17:33:29.000000,system,system,bbc5e661e106c6dcd8dc6dd186454c2f
204,H12,92,SEAT000204,COUPLE,H12,{},200000,0,0,200000,200000,4000,couple,200000,200000,10000,2000,,,,normal,0,0,0,0,2025-11-20 17:33:29.000000,2025-12-09 17:33:29.000000,system,system,bbc5e661e106c6dcd8dc6dd186454c2f
205,G9,93,SEAT000205,NORMAL,G9,{},85000,0,0,85000,85000,1700,normal,85000,85000,4250,850,,,,normal,0,0,0,0,2025-11-28 17:33:29.000000,2025-12-05 17:33:29.000000,system,system,bbc5e661e106c6dcd8dc6dd186454c2f
206,F2,93,SEAT000206,NORMAL,F2,{},85000,0,0,85000,85000,1700,normal,85000,85000,4250,850,,,,normal,0,0,0,0,2025-12-03 17:33:29.000000,2025-12-09 17:33:29.000000,system,system,bbc5e661e106c6dcd8dc6dd186454c2f
207,C8,93,SEAT000207,VIP,C8,{},120000,0,0,120000,120000,2400,vip,120000,120000,6000,1200,,,,normal,0,0,0,0,2025-11-24 17:33:29.000000,2025-12-10 17:33:29.000000,system,system,bbc5e661e106c6dcd8dc6dd186454c2f
208,A10,94,SEAT000208,NORMAL,A10,{},85000,0,0,85000,85000,1700,normal,85000,85000,4250,850,,,,normal,0,0,0,0,2025-12-06 17:33:29.000000,2025-12-09 17:33:29.000000,system,system,bbc5e661e106c6dcd8dc6dd186454c2f
209,H5,94,SEAT000209,NORMAL,H5,{},85000,0,0,85000,85000,1700,normal,85000,85000,4250,850,,,,normal,0,0,0,0,2025-11-29 17:33:29.000000,2025-12-12 17:33:29.000000,system,system,bbc5e661e106c6dcd8dc6dd186454c2f
210,D5,95,SEAT000210,VIP,D5,{},120000,0,0,120000,120000,2400,vip,120000,120000,6000,1200,,,,normal,0,0,0,0,2025-12-10 17:33:29.000000,2025-12-10 17:33:29.000000,system,system,bbc5e661e106c6dcd8dc6dd186454c2f
211,J6,95,SEAT000211,COUPLE,J6,{},200000,0,0,200000,200000,4000,couple,200000,200000,10000,2000,,,,normal,0,0,0,0,2025-11-14 17:33:29.000000,2025-12-08 17:33:29.000000,system,system,bbc5e661e106c6dcd8dc6dd186454c2f
212,I7,95,SEAT000212,COUPLE,I7,{},200000,0,0,200000,200000,4000,couple,200000,200000,10000,2000,,,,normal,0,0,0,0,2025-11-19 17:33:29.000000,2025-12-10 17:33:29.000000,system,system,bbc5e661e106c6dcd8dc6dd186454c2f
213,F5,95,SEAT000213,COUPLE,F5,{},200000,0,0,200000,200000,4000,couple,200000,200000,10000,2000,,,,normal,0,0,0,0,2025-12-07 17:33:29.000000,2025-12-12 17:33:29.000000,system,system,bbc5e661e106c6dcd8dc6dd186454c2f
214,G7,96,SEAT000214,NORMAL,G7,{},85000,0,0,85000,85000,1700,normal,85000,85000,4250,850,,,,normal,0,0,0,0,2025-11-20 17:33:29.000000,2025-12-05 17:33:29.000000,system,system,bbc5e661e106c6dcd8dc6dd186454c2f
215,E14,96,SEAT000215,COUPLE,E14,{},200000,0,0,200000,200000,4000,couple,200000,200000,10000,2000,,,,normal,0,0,0,0,2025-11-15 17:33:29.000000,2025-12-12 17:33:29.000000,system,system,bbc5e661e106c6dcd8dc6dd186454c2f
216,C15,96,SEAT000216,VIP,C15,{},120000,0,0,120000,120000,2400,vip,120000,120000,6000,1200,,,,normal,0,0,0,0,2025-11-25 17:33:29.000000,2025-12-10 17:33:29.000000,system,system,bbc5e661e106c6dcd8dc6dd186454c2f
217,I12,97,SEAT000217,COUPLE,I12,{},200000,0,0,200000,200000,4000,couple,200000,200000,10000,2000,,,,normal,0,0,0,0,2025-11-18 17:33:29.000000,2025-12-10 17:33:29.000000,system,system,bbc5e661e106c6dcd8dc6dd186454c2f
218,H14,97,SEAT000218,COUPLE,H14,{},200000,0,0,200000,200000,4000,couple,200000,200000,10000,2000,,,,normal,0,0,0,0,2025-11-25 17:33:29.000000,2025-12-12 17:33:29.000000,system,system,bbc5e661e106c6dcd8dc6dd186454c2f
219,H3,97,SEAT000219,VIP,H3,{},120000,0,0,120000,120000,2400,vip,120000,120000,6000,1200,,,,normal,0,0,0,0,2025-11-21 17:33:29.000000,2025-12-10 17:33:29.000000,system,system,bbc5e661e106c6dcd8dc6dd186454c2f
220,A10,97,SEAT000220,NORMAL,A10,{},85000,0,0,85000,85000,1700,normal,85000,85000,4250,850,,,,normal,0,0,0,0,2025-11-24 17:33:29.000000,2025-12-07 17:33:29.000000,system,system,bbc5e661e106c6dcd8dc6dd186454c2f
221,D1,98,SEAT000221,VIP,D1,{},120000,0,0,120000,120000,2400,vip,120000,120000,6000,1200,,,,normal,0,0,0,0,2025-12-02 17:33:29.000000,2025-12-08 17:33:29.000000,system,system,bbc5e661e106c6dcd8dc6dd186454c2f
222,D4,98,SEAT000222,VIP,D4,{},120000,0,0,120000,120000,2400,vip,120000,120000,6000,1200,,,,normal,0,0,0,0,2025-11-27 17:33:29.000000,2025-12-12 17:33:29.000000,system,system,bbc5e661e106c6dcd8dc6dd186454c2f
223,D6,98,SEAT000223,VIP,D6,{},120000,0,0,120000,120000,2400,vip,120000,120000,6000,1200,,,,normal,0,0,0,0,2025-11-16 17:33:29.000000,2025-12-08 17:33:29.000000,system,system,bbc5e661e106c6dcd8dc6dd186454c2f
224,D7,98,SEAT000224,COUPLE,D7,{},200000,0,0,200000,200000,4000,couple,200000,200000,10000,2000,,,,normal,0,0,0,0,2025-11-16 17:33:29.000000,2025-12-08 17:33:29.000000,system,system,bbc5e661e106c6dcd8dc6dd186454c2f
225,B13,99,SEAT000225,COUPLE,B13,{},200000,0,0,200000,200000,4000,couple,200000,200000,10000,2000,,,,normal,0,0,0,0,2025-11-13 17:33:29.000000,2025-12-10 17:33:29.000000,system,system,bbc5e661e106c6dcd8dc6dd186454c2f
226,J15,100,SEAT000226,NORMAL,J15,{},85000,0,0,85000,85000,1700,normal,85000,85000,4250,850,,,,normal,0,0,0,0,2025-11-25 17:33:29.000000,2025-12-12 17:33:29.000000,system,system,bbc5e661e106c6dcd8dc6dd186454c2f
